{
"images/ma_kb_1771058034.jpg": {
"mtime": 1771058034.6280258,
"encoding": [
-0.15719059109687805,
0.18307019770145416,
-0.029984042048454285,
-0.06377367675304413,
-0.07277105748653412,
-0.04682537168264389,
-0.03681502491235733,
-0.1035320833325386,
0.15882280468940735,
-0.09247317165136337,
0.1766895204782486,
-0.094203419983387,
-0.26772594451904297,
0.008619062602519989,
-0.14256387948989868,
0.051506318151950836,
-0.12927210330963135,
-0.15078574419021606,
-0.02568821609020233,
-0.07884280383586884,
0.051791634410619736,
-0.015086966566741467,
-0.041641466319561005,
0.08372315764427185,
-0.14317992329597473,
-0.2738707661628723,
-0.09845535457134247,
-0.08648397773504257,
0.09950669854879379,
-0.13199543952941895,
0.02271644026041031,
0.00943777710199356,
-0.14598669111728668,
-0.023040421307086945,
0.01083720475435257,
0.07083024829626083,
-0.006907440721988678,
-0.048010945320129395,
0.2757369577884674,
0.011622980237007141,
-0.10154839605093002,
-0.06670765578746796,
0.04882963374257088,
0.3537297248840332,
0.12251771241426468,
0.05241323634982109,
0.04446808621287346,
-0.13873714208602905,
0.08165572583675385,
-0.2014308124780655,
0.03271368145942688,
0.1926077902317047,
0.05945160984992981,
0.06905077397823334,
0.052604518830776215,
-0.19527111947536469,
0.04082685708999634,
0.11123628914356232,
-0.15943804383277893,
0.10512913018465042,
0.08104775100946426,
-0.04027903079986572,
-0.03973272442817688,
-0.03525181859731674,
0.26217982172966003,
0.05361959710717201,
-0.12729184329509735,
-0.11813405156135559,
0.17978370189666748,
-0.23653116822242737,
-0.02360384911298752,
0.10114139318466187,
-0.041090454906225204,
-0.1633579134941101,
-0.25802791118621826,
0.06656616926193237,
0.4244709312915802,
0.2542300522327423,
-0.08952023088932037,
0.04189435392618179,
-0.053309470415115356,
-0.06592220067977905,
0.12522375583648682,
0.08191997557878494,
-0.21101798117160797,
-0.009126633405685425,
-0.10175975412130356,
0.06865498423576355,
0.2189892828464508,
0.0675295889377594,
-0.061380594968795776,
0.12458212673664093,
0.01709122210741043,
0.0541437566280365,
0.012499350123107433,
0.021887868642807007,
-0.17905545234680176,
-0.03540467470884323,
-0.06337155401706696,
0.007157094776630402,
0.07158723473548889,
-0.07766023278236389,
0.02420838177204132,
0.1955496072769165,
-0.14753864705562592,
0.09212643653154373,
-0.03811603784561157,
-0.0876796692609787,
-0.06987585127353668,
0.049316585063934326,
-0.09400484710931778,
-0.02439051866531372,
0.1613588035106659,
-0.24531550705432892,
0.14156153798103333,
0.15205475687980652,
0.06226326525211334,
0.1227908730506897,
0.14412333071231842,
0.038775354623794556,
0.04160521924495697,
-0.001721397042274475,
-0.1247197687625885,
-0.07354725897312164,
0.011894304305315018,
-0.05573931336402893,
0.13303545117378235,
-0.03607461228966713
]
},
"images/ma_kb_1771058210.jpg": {
"mtime": 1771058210.5797591,
"encoding": [
-0.13241040706634521,
0.12709027528762817,
-0.002647802233695984,
-0.02507803961634636,
-0.033897124230861664,
-0.09094835072755814,
-0.004952777177095413,
-0.12076538801193237,
0.18336498737335205,
-0.08279752731323242,
0.1835881471633911,
-0.041760724037885666,
-0.17473451793193817,
-0.08391091972589493,
-0.03634532168507576,
0.044298287481069565,
-0.20558086037635803,
-0.1421976387500763,
-0.004239432513713837,
-0.06957468390464783,
0.07882476598024368,
0.028700880706310272,
0.028156384825706482,
0.04540620744228363,
-0.19183725118637085,
-0.3010067343711853,
-0.09936051070690155,
-0.14299902319908142,
0.049969159066677094,
-0.0781347006559372,
0.003472752869129181,
-0.00853138417005539,
-0.2326315939426422,
-0.05419781804084778,
-0.026714205741882324,
0.11271905899047852,
0.004892021417617798,
0.04509541392326355,
0.216680109500885,
-0.016359958797693253,
-0.14550399780273438,
-0.05763526260852814,
0.02080695331096649,
0.3068539500236511,
0.13603629171848297,
0.020473569631576538,
-0.016544613987207413,
-0.034189894795417786,
0.05635315924882889,
-0.1874178946018219,
0.044138915836811066,
0.1277483105659485,
0.13137850165367126,
0.03261905163526535,
0.040728457272052765,
-0.1550336629152298,
0.0027194619178771973,
0.07981708645820618,
-0.2023927867412567,
0.06862101703882217,
0.05228477716445923,
-0.08676669746637344,
-0.014290586113929749,
0.03840445727109909,
0.31703364849090576,
0.05153081938624382,
-0.12136141955852509,
-0.04938151687383652,
0.18014925718307495,
-0.18268877267837524,
0.002711202949285507,
0.054539427161216736,
-0.017275627702474594,
-0.18583834171295166,
-0.2857041358947754,
0.03803829848766327,
0.43424662947654724,
0.09339219331741333,
-0.17897853255271912,
0.08900575339794159,
-0.1269209235906601,
-0.041637957096099854,
0.1110885888338089,
0.05038972944021225,
-0.13604006171226501,
0.14726722240447998,
-0.15043766796588898,
0.07877498865127563,
0.18927247822284698,
-0.006207108497619629,
-0.037384700030088425,
0.17656062543392181,
-0.005998209118843079,
0.07833462953567505,
0.10618959367275238,
-0.004891261458396912,
-0.07370305061340332,
-0.028845172375440598,
-0.11626503616571426,
0.05752391368150711,
0.050169289112091064,
-0.14815667271614075,
-0.03283305466175079,
0.09846565872430801,
-0.15434065461158752,
0.11243535578250885,
0.0627526044845581,
-0.0891197919845581,
-0.08170031011104584,
0.03976885974407196,
-0.12796266376972198,
-0.08330612629652023,
0.16581754386425018,
-0.3205583095550537,
0.19850623607635498,
0.13645240664482117,
-0.04138971120119095,
0.2383938580751419,
0.04525860399007797,
0.058285608887672424,
-0.02313748002052307,
-0.017607808113098145,
-0.12342146784067154,
-0.050489719957113266,
0.04365168511867523,
-0.048873595893383026,
0.14696335792541504,
0.048579536378383636
]
},
"images/ma_kb_1771058455.jpg": {
"mtime": 1771058455.3360074,